beta,sigma,test_accuracy,cv_score,cv_std,cv_fold_scores,alignment,effective_rank,condition_number
0.0,21.845514625639463,0.332,0.30100459741178304,0.010332491758327253,"[0.2964071856287425, 0.2912912912912913, 0.3153153153153153]",0.24171220955553727,694.6683575554662,45.29054385616949
0.125,13.954036593552871,0.428,0.36600372827917743,0.011344311252731673,"[0.36227544910179643, 0.35435435435435436, 0.3813813813813814]",0.23958113544695908,738.9171465446495,17.458448729407838
0.25,9.15122127027899,0.54,0.47100393806980634,0.01137969955167469,"[0.46706586826347307, 0.4864864864864865, 0.4594594594594595]",0.23801451332879564,774.942334488896,6.729824949890561
0.375,6.190841971264884,0.664,0.5920111728494962,0.012593989491693254,"[0.5808383233532934, 0.6096096096096096, 0.5855855855855856]",0.23762806499488187,800.1567533420888,2.5941906155659726
0.5,4.334996875729165,0.716,0.696993400586215,0.024959525908079826,"[0.7035928143712575, 0.7237237237237237, 0.6636636636636637]",0.23891483442645808,813.4207109954573,1.0
